{
  "Add Payment" : {
    "transaction" : "Add Payment",
    "sampleCount" : 1100,
    "errorCount" : 0,
    "errorPct" : 0.0,
    "meanResTime" : 5.35181818181818,
    "medianResTime" : 4.0,
    "minResTime" : 1.0,
    "maxResTime" : 30.0,
    "pct1ResTime" : 11.0,
    "pct2ResTime" : 17.950000000000045,
    "pct3ResTime" : 27.0,
    "throughput" : 130.89005235602093,
    "receivedKBytesPerSec" : 121.34149289029034,
    "sentKBytesPerSec" : 43.20394306282723
  },
  "Set Checkout Data" : {
    "transaction" : "Set Checkout Data",
    "sampleCount" : 1100,
    "errorCount" : 0,
    "errorPct" : 0.0,
    "meanResTime" : 15.94999999999997,
    "medianResTime" : 12.0,
    "minResTime" : 3.0,
    "maxResTime" : 131.0,
    "pct1ResTime" : 28.0,
    "pct2ResTime" : 39.0,
    "pct3ResTime" : 88.91000000000008,
    "throughput" : 128.95662368112542,
    "receivedKBytesPerSec" : 162.58036891852288,
    "sentKBytesPerSec" : 124.92672919109027
  },
  "View Basket" : {
    "transaction" : "View Basket",
    "sampleCount" : 200,
    "errorCount" : 0,
    "errorPct" : 0.0,
    "meanResTime" : 1.630000000000001,
    "medianResTime" : 2.0,
    "minResTime" : 1.0,
    "maxResTime" : 6.0,
    "pct1ResTime" : 2.0,
    "pct2ResTime" : 2.9499999999999886,
    "pct3ResTime" : 4.0,
    "throughput" : 191.75455417066155,
    "receivedKBytesPerSec" : 886.6869157478428,
    "sentKBytesPerSec" : 36.32849952061362
  },
  "Precondition: Create Basket Item" : {
    "transaction" : "Precondition: Create Basket Item",
    "sampleCount" : 3000,
    "errorCount" : 0,
    "errorPct" : 0.0,
    "meanResTime" : 10.988999999999974,
    "medianResTime" : 8.0,
    "minResTime" : 2.0,
    "maxResTime" : 286.0,
    "pct1ResTime" : 19.0,
    "pct2ResTime" : 25.0,
    "pct3ResTime" : 45.0,
    "throughput" : 384.46751249519417,
    "receivedKBytesPerSec" : 812.6424231865949,
    "sentKBytesPerSec" : 96.86779123414071
  },
  "Total" : {
    "transaction" : "Total",
    "sampleCount" : 9000,
    "errorCount" : 0,
    "errorPct" : 0.0,
    "meanResTime" : 8.98411111111112,
    "medianResTime" : 6.0,
    "minResTime" : 0.0,
    "maxResTime" : 434.0,
    "pct1ResTime" : 17.0,
    "pct2ResTime" : 24.0,
    "pct3ResTime" : 45.0,
    "throughput" : 954.0973179264284,
    "receivedKBytesPerSec" : 2033.2066448902788,
    "sentKBytesPerSec" : 318.7778278384395
  },
  "Transaction Controller" : {
    "transaction" : "Transaction Controller",
    "sampleCount" : 100,
    "errorCount" : 0,
    "errorPct" : 0.0,
    "meanResTime" : 27.24,
    "medianResTime" : 28.0,
    "minResTime" : 18.0,
    "maxResTime" : 63.0,
    "pct1ResTime" : 35.900000000000006,
    "pct2ResTime" : 40.799999999999955,
    "pct3ResTime" : 62.84999999999992,
    "throughput" : 91.32420091324201,
    "receivedKBytesPerSec" : 2357.9034674657537,
    "sentKBytesPerSec" : 281.1073059360731
  },
  "Create Basket" : {
    "transaction" : "Create Basket",
    "sampleCount" : 1100,
    "errorCount" : 0,
    "errorPct" : 0.0,
    "meanResTime" : 5.735454545454553,
    "medianResTime" : 1.0,
    "minResTime" : 0.0,
    "maxResTime" : 434.0,
    "pct1ResTime" : 5.0,
    "pct2ResTime" : 7.0,
    "pct3ResTime" : 27.970000000000027,
    "throughput" : 116.8348380244291,
    "receivedKBytesPerSec" : 29.550999070631974,
    "sentKBytesPerSec" : 23.161593866171007
  },
  "Initialize Payment" : {
    "transaction" : "Initialize Payment",
    "sampleCount" : 1100,
    "errorCount" : 0,
    "errorPct" : 0.0,
    "meanResTime" : 9.500000000000007,
    "medianResTime" : 7.0,
    "minResTime" : 2.0,
    "maxResTime" : 62.0,
    "pct1ResTime" : 19.0,
    "pct2ResTime" : 27.0,
    "pct3ResTime" : 48.960000000000036,
    "throughput" : 131.28058240840195,
    "receivedKBytesPerSec" : 509.6820595014322,
    "sentKBytesPerSec" : 29.48684956438716
  },
  "Create Basket Items" : {
    "transaction" : "Create Basket Items",
    "sampleCount" : 300,
    "errorCount" : 0,
    "errorPct" : 0.0,
    "meanResTime" : 2.9733333333333327,
    "medianResTime" : 3.0,
    "minResTime" : 2.0,
    "maxResTime" : 8.0,
    "pct1ResTime" : 4.0,
    "pct2ResTime" : 4.0,
    "pct3ResTime" : 6.0,
    "throughput" : 279.8507462686567,
    "receivedKBytesPerSec" : 590.3256544426306,
    "sentKBytesPerSec" : 70.50927005597015
  },
  "Execute Payment" : {
    "transaction" : "Execute Payment",
    "sampleCount" : 1100,
    "errorCount" : 0,
    "errorPct" : 0.0,
    "meanResTime" : 5.891818181818184,
    "medianResTime" : 4.0,
    "minResTime" : 1.0,
    "maxResTime" : 58.0,
    "pct1ResTime" : 11.0,
    "pct2ResTime" : 16.0,
    "pct3ResTime" : 26.99000000000001,
    "throughput" : 132.16388321518681,
    "receivedKBytesPerSec" : 519.6603162922023,
    "sentKBytesPerSec" : 29.29804832992911
  }
}